Company Name*,Trading Name ,Contact Person*,Email*,Registration Number*,Phone,Business Type,Services,Website,Address 1,Address 2,Suburb,City,Province,Postal Code,Country,Region of Operations
,,,,,,Pty Ltd,Service Delivery,,,,,,,,,
,,,,,,CC,Civil ,,,,,,,,,
,,,,,,Trust,Optical,,,,,,,,,
,,,,,,Sole Proprietor,,,,,,,,,,
,,,,,,,,,,,,,,,,
,,,,,,,,,,,,,,,,
,,,,,,,,,,,,,,,,
,,,,,,,,,,,,,,,,
,,,,,,,,,,,,,,,,
,,,,,,,,,,,,,,,,
,,,,,,,,,,,,,,,,
,,,,,,,,,,,,,,,,
,,,,,,,,,,,,,,,,
,,,,,,,,,,,,,,,,
,,,,,,,,,,,,,,,,
